step_or_epoch,train_loss,val_loss
500,1.7605,1.8424588441848755
1000,1.8931,1.737678050994873
1500,1.0347,1.6731780767440796
