step_or_epoch,train_loss,val_loss
500,2.2569,2.3738853931427
1000,2.4287,2.257394313812256
1500,1.3861,2.171675205230713
2000,2.1739,2.121765375137329
2500,2.3263,2.076228618621826
3000,1.9419,2.0484073162078857
