step_or_epoch,train_loss,val_loss
100,2.8473,2.586904764175415
200,2.5758,2.4408364295959473
300,2.4125,2.390974998474121
