step_or_epoch,train_loss,val_loss
100,2.7533,2.4629077911376953
200,2.4569,2.3141872882843018
300,2.2285,2.246285915374756
