step_or_epoch,train_loss,val_loss
100,2.987,2.7864556312561035
200,2.7548,2.6511595249176025
300,2.6498,2.6012046337127686
