step_or_epoch,train_loss,val_loss
1,0.0065,0.009806692600250244
2,0.0051,0.010636311955749989
3,0.0026,0.01017108466476202
4,0.0019,0.011102553457021713
