step_or_epoch,train_loss,val_loss
1,0.0092,0.008606460876762867
2,0.0038,0.007956358604133129
3,0.002,0.007498900406062603
4,0.0009,0.007271782495081425
5,0.0006,0.0070699178613722324
6,0.0003,0.006976556032896042
7,0.0001,0.006791730877012014
8,0.0001,0.006749642547219992
9,0.0,0.0067697190679609776
9,0.0,0.006781317293643951
