step_or_epoch,train_loss,val_loss
1,0.0153,0.015831805765628815
2,0.0094,0.015171274542808533
3,0.0066,0.016184870153665543
4,0.0017,0.01545333955436945
5,0.0007,0.016347963362932205
