step_or_epoch,train_loss,val_loss
1,0.0165,0.015274540521204472
2,0.0112,0.01406661607325077
3,0.0077,0.014003866352140903
4,0.0052,0.014035830274224281
5,0.0035,0.014382274821400642
6,0.0023,0.014415175653994083
