step_or_epoch,train_loss,val_loss
1,0.0178,0.019649382680654526
2,0.0099,0.01827080361545086
3,0.0044,0.018469661474227905
4,0.0014,0.017463289201259613
5,0.0004,0.016661761328577995
